<?xml version="1.0" encoding="utf-8"?>
<System>
  <P Name="Location">[-1, -8, 1921, 1041]</P>
  <P Name="Open">on</P>
  <P Name="ZoomFactor">125</P>
  <P Name="ReportName">simulink-default.rpt</P>
  <P Name="SIDHighWatermark">227</P>
  <Block BlockType="Saturate" Name="+/- 24V" SID="99">
    <P Name="Position">[510, 285, 540, 315]</P>
    <P Name="ZOrder">84</P>
    <P Name="UpperLimit">24</P>
    <P Name="LowerLimit">-24</P>
    <PortProperties>
      <Port Type="out" Index="1">
        <P Name="Name">Vp (Volts)</P>
      </Port>
    </PortProperties>
  </Block>
  <Block BlockType="Clock" Name="Clock" SID="209">
    <P Name="Position">[960, 310, 980, 330]</P>
    <P Name="ZOrder">454</P>
  </Block>
  <Block BlockType="Scope" Name="Current (A)" SID="38">
    <PortCounts in="1"/>
    <P Name="Position">[870, 339, 900, 371]</P>
    <P Name="ZOrder">40</P>
    <P Name="ScopeSpecificationString">Simulink.scopes.TimeScopeBlockCfg(&apos;CurrentConfiguration&apos;, extmgr.ConfigurationSet(extmgr.Configuration(&apos;Core&apos;,&apos;General UI&apos;,true,&apos;FigureColor&apos;,[1 1 1]),extmgr.Configuration(&apos;Core&apos;,&apos;Source UI&apos;,true),extmgr.Configuration(&apos;Sources&apos;,&apos;WiredSimulink&apos;,true,&apos;DataLoggingVariableName&apos;,&apos;ScopeData1&apos;,&apos;DataLoggingLimitDataPoints&apos;,true,&apos;DataLoggingSaveFormat&apos;,&apos;Array&apos;,&apos;DataLoggingDecimation&apos;,&apos;1&apos;,&apos;DataLoggingDecimateData&apos;,true),extmgr.Configuration(&apos;Visuals&apos;,&apos;Time Domain&apos;,true,&apos;SerializedDisplays&apos;,{struct(&apos;MinYLimReal&apos;,&apos;-0.01829&apos;,&apos;MaxYLimReal&apos;,&apos;0.13234&apos;,&apos;YLabelReal&apos;,&apos;&apos;,&apos;MinYLimMag&apos;,&apos;0.00000&apos;,&apos;MaxYLimMag&apos;,&apos;0.13234&apos;,&apos;LegendVisibility&apos;,&apos;On&apos;,&apos;XGrid&apos;,true,&apos;YGrid&apos;,true,&apos;PlotMagPhase&apos;,false,&apos;AxesColor&apos;,[1 1 1],&apos;AxesTickColor&apos;,[0 0 0],&apos;ColorOrder&apos;,[0 0.447058823529412 0.741176470588235;0.850980392156863 0.325490196078431 0.0980392156862745;0.929411764705882 0.694117647058824 0.125490196078431;0.494117647058824 0.184313725490196 0.556862745098039;0.466666666666667 0.674509803921569 0.188235294117647;0.301960784313725 0.745098039215686 0.933333333333333;0.635294117647059 0.0784313725490196 0.184313725490196],&apos;Title&apos;,&apos;%&lt;SignalLabel&gt;&apos;,&apos;LinePropertiesCache&apos;,{{struct(&apos;Visible&apos;,&apos;on&apos;,&apos;Color&apos;,[1 1 0.0666666666666667],&apos;LineStyle&apos;,&apos;-&apos;,&apos;LineWidth&apos;,2,&apos;Marker&apos;,&apos;none&apos;),struct(&apos;Visible&apos;,&apos;on&apos;,&apos;Color&apos;,[0.0745098039215686 0.623529411764706 1],&apos;LineStyle&apos;,&apos;-&apos;,&apos;LineWidth&apos;,2,&apos;Marker&apos;,&apos;none&apos;)}},&apos;UserDefinedChannelNames&apos;,{{}},&apos;NumLines&apos;,2,&apos;LineNames&apos;,{{&apos;Quanser Aero USB Interface/3:1&apos;,&apos;Quanser Aero USB Interface/3:2&apos;}},&apos;ShowContent&apos;,true,&apos;Placement&apos;,1)},&apos;DisplayPropertyDefaults&apos;,struct(&apos;MinYLimReal&apos;,&apos;-0.01829&apos;,&apos;MaxYLimReal&apos;,&apos;0.13234&apos;,&apos;YLabelReal&apos;,&apos;&apos;,&apos;MinYLimMag&apos;,&apos;0.00000&apos;,&apos;MaxYLimMag&apos;,&apos;0.13234&apos;,&apos;LegendVisibility&apos;,&apos;On&apos;,&apos;XGrid&apos;,true,&apos;YGrid&apos;,true,&apos;PlotMagPhase&apos;,false,&apos;AxesColor&apos;,[1 1 1],&apos;AxesTickColor&apos;,[0 0 0],&apos;ColorOrder&apos;,[1 1 0.0666666666666667;0.0745098039215686 0.623529411764706 1;1 0.411764705882353 0.16078431372549;0.392156862745098 0.831372549019608 0.0745098039215686;0.717647058823529 0.274509803921569 1;0.0588235294117647 1 1;1 0.0745098039215686 0.650980392156863],&apos;Title&apos;,&apos;%&lt;SignalLabel&gt;&apos;,&apos;LinePropertiesCache&apos;,{{}},&apos;UserDefinedChannelNames&apos;,{{}},&apos;NumLines&apos;,0,&apos;LineNames&apos;,{{[]}},&apos;ShowContent&apos;,true,&apos;Placement&apos;,1),&apos;TimeRangeSamples&apos;,&apos;5&apos;,&apos;TimeRangeFrames&apos;,&apos;5&apos;),extmgr.Configuration(&apos;Tools&apos;,&apos;Plot Navigation&apos;,true,&apos;PreviousAutoscale&apos;,&apos;XY&apos;),extmgr.Configuration(&apos;Tools&apos;,&apos;Measurements&apos;,true,&apos;Version&apos;,&apos;2018b&apos;)),&apos;Version&apos;,&apos;2018b&apos;,&apos;Location&apos;,[366 228 1140 758])</P>
    <P Name="NumInputPorts">1</P>
    <P Name="Floating">off</P>
  </Block>
  <Block BlockType="Demux" Name="Demux" SID="215">
    <PortCounts in="1" out="2"/>
    <P Name="Position">[1045, 406, 1050, 444]</P>
    <P Name="ZOrder">471</P>
    <P Name="ShowName">off</P>
    <P Name="Outputs">2</P>
    <PortProperties>
      <Port Type="out" Index="1">
        <P Name="Name">omega (rad/s)</P>
      </Port>
    </PortProperties>
  </Block>
  <Block BlockType="Gain" Name="Gain2" SID="216">
    <P Name="Position">[925, 402, 1020, 448]</P>
    <P Name="ZOrder">473</P>
    <P Name="Gain">2*pi/2048</P>
  </Block>
  <Block BlockType="ManualSwitch" Name="Manual Switch" SID="221">
    <P Name="Position">[445, 267, 475, 303]</P>
    <P Name="ZOrder">475</P>
  </Block>
  <Block BlockType="Mux" Name="Mux1" SID="223">
    <PortCounts in="2" out="1"/>
    <P Name="Position">[1165, 318, 1170, 362]</P>
    <P Name="ZOrder">477</P>
    <P Name="ShowName">off</P>
    <P Name="Inputs">2</P>
    <P Name="DisplayOption">bar</P>
  </Block>
  <Block BlockType="Scope" Name="Omega moteur" SID="224">
    <PortCounts in="1"/>
    <P Name="Position">[1215, 324, 1245, 356]</P>
    <P Name="ZOrder">478</P>
    <P Name="ScopeSpecificationString">Simulink.scopes.TimeScopeBlockCfg(&apos;CurrentConfiguration&apos;, extmgr.ConfigurationSet(extmgr.Configuration(&apos;Core&apos;,&apos;General UI&apos;,true,&apos;FigureColor&apos;,[1 1 1]),extmgr.Configuration(&apos;Core&apos;,&apos;Source UI&apos;,true),extmgr.Configuration(&apos;Sources&apos;,&apos;WiredSimulink&apos;,true,&apos;DataLoggingVariableName&apos;,&apos;ScopeData1&apos;,&apos;DataLoggingMaxPoints&apos;,&apos;15000&apos;,&apos;DataLoggingSaveFormat&apos;,&apos;Array&apos;,&apos;DataLoggingDecimation&apos;,&apos;1&apos;,&apos;DataLoggingDecimateData&apos;,true),extmgr.Configuration(&apos;Visuals&apos;,&apos;Time Domain&apos;,true,&apos;SerializedDisplays&apos;,{struct(&apos;MinYLimReal&apos;,&apos;-21.06393&apos;,&apos;MaxYLimReal&apos;,&apos;189.57538&apos;,&apos;YLabelReal&apos;,&apos;&apos;,&apos;MinYLimMag&apos;,&apos;0.00000&apos;,&apos;MaxYLimMag&apos;,&apos;189.57538&apos;,&apos;LegendVisibility&apos;,&apos;On&apos;,&apos;XGrid&apos;,true,&apos;YGrid&apos;,true,&apos;PlotMagPhase&apos;,false,&apos;AxesColor&apos;,[1 1 1],&apos;AxesTickColor&apos;,[0 0 0],&apos;ColorOrder&apos;,[0 0.447058823529412 0.741176470588235;0.850980392156863 0.325490196078431 0.0980392156862745;0.929411764705882 0.694117647058824 0.125490196078431;0.494117647058824 0.184313725490196 0.556862745098039;0.466666666666667 0.674509803921569 0.188235294117647;0.301960784313725 0.745098039215686 0.933333333333333;0.635294117647059 0.0784313725490196 0.184313725490196],&apos;Title&apos;,&apos;%&lt;SignalLabel&gt;&apos;,&apos;LinePropertiesCache&apos;,{{struct(&apos;Color&apos;,[1 0 0],&apos;LineStyle&apos;,&apos;-&apos;,&apos;LineWidth&apos;,2,&apos;Marker&apos;,&apos;none&apos;,&apos;Visible&apos;,&apos;on&apos;),struct(&apos;Color&apos;,[0 0 1],&apos;LineStyle&apos;,&apos;-&apos;,&apos;LineWidth&apos;,2,&apos;Marker&apos;,&apos;none&apos;,&apos;Visible&apos;,&apos;on&apos;)}},&apos;UserDefinedChannelNames&apos;,{{}},&apos;NumLines&apos;,2,&apos;LineNames&apos;,{{&apos;Vp (Volts)&apos;,&apos;omega (rad/s)&apos;}},&apos;ShowContent&apos;,true,&apos;Placement&apos;,1)},&apos;DisplayPropertyDefaults&apos;,struct(&apos;MinYLimReal&apos;,&apos;-21.06393&apos;,&apos;MaxYLimReal&apos;,&apos;189.57538&apos;,&apos;YLabelReal&apos;,&apos;&apos;,&apos;MinYLimMag&apos;,&apos;0.00000&apos;,&apos;MaxYLimMag&apos;,&apos;189.57538&apos;,&apos;LegendVisibility&apos;,&apos;On&apos;,&apos;XGrid&apos;,true,&apos;YGrid&apos;,true,&apos;PlotMagPhase&apos;,false,&apos;AxesColor&apos;,[1 1 1],&apos;AxesTickColor&apos;,[0 0 0],&apos;ColorOrder&apos;,[1 1 0.0666666666666667;0.0745098039215686 0.623529411764706 1;1 0.411764705882353 0.16078431372549;0.392156862745098 0.831372549019608 0.0745098039215686;0.717647058823529 0.274509803921569 1;0.0588235294117647 1 1;1 0.0745098039215686 0.650980392156863],&apos;Title&apos;,&apos;%&lt;SignalLabel&gt;&apos;,&apos;LinePropertiesCache&apos;,{{}},&apos;UserDefinedChannelNames&apos;,{{}},&apos;NumLines&apos;,0,&apos;LineNames&apos;,{{[]}},&apos;ShowContent&apos;,true,&apos;Placement&apos;,1)),extmgr.Configuration(&apos;Tools&apos;,&apos;Plot Navigation&apos;,true,&apos;OnceAtStop&apos;,false,&apos;PreviousAutoscale&apos;,&apos;XY&apos;),extmgr.Configuration(&apos;Tools&apos;,&apos;Measurements&apos;,true,&apos;Version&apos;,&apos;2022b&apos;)),&apos;Version&apos;,&apos;2022b&apos;,&apos;Location&apos;,[1 76 1909 998])</P>
    <P Name="NumInputPorts">1</P>
    <P Name="Floating">off</P>
  </Block>
  <Block BlockType="Constant" Name="Pitch Motor Enable" SID="20">
    <P Name="Position">[595, 385, 625, 415]</P>
    <P Name="ZOrder">21</P>
  </Block>
  <Block BlockType="Reference" Name="Quanser Aero USB Interface" SID="174">
    <PortCounts in="4" out="6"/>
    <P Name="Position">[655, 269, 785, 476]</P>
    <P Name="ZOrder">130</P>
    <P Name="LibraryVersion">1.7</P>
    <P Name="SourceBlock">quanser_aero/Quanser Aero USB Interface</P>
    <P Name="SourceType">SubSystem</P>
    <InstanceData>
      <P Name="ShowPortLabels">FromPortIcon</P>
      <P Name="SystemSampleTime">-1</P>
      <P Name="RTWMemSecFuncInitTerm">Inherit from model</P>
      <P Name="RTWMemSecFuncExecute">Inherit from model</P>
      <P Name="RTWMemSecDataConstants">Inherit from model</P>
      <P Name="RTWMemSecDataInternal">Inherit from model</P>
      <P Name="RTWMemSecDataParameters">Inherit from model</P>
      <P Name="VariantActivationTime">update diagram</P>
      <P Name="AllowZeroVariantControls">off</P>
      <P Name="PropagateVariantConditions">off</P>
      <P Name="ContentPreviewEnabled">off</P>
      <P Name="Latency">0</P>
      <P Name="AutoFrameSizeCalculation">off</P>
    </InstanceData>
  </Block>
  <Block BlockType="Reference" Name="Radians&#xA;to Degrees2" SID="200">
    <PortCounts in="1" out="1"/>
    <P Name="Position">[850, 270, 880, 300]</P>
    <P Name="ZOrder">446</P>
    <P Name="LibraryVersion">10.0</P>
    <P Name="SourceBlock">simulink_extras/Transformations/Radians
to Degrees</P>
    <P Name="SourceType">RadiansToDegrees</P>
    <InstanceData>
      <P Name="RTWMemSecFuncInitTerm">Inherit from model</P>
      <P Name="RTWMemSecFuncExecute">Inherit from model</P>
      <P Name="RTWMemSecDataConstants">Inherit from model</P>
      <P Name="RTWMemSecDataInternal">Inherit from model</P>
      <P Name="RTWMemSecDataParameters">Inherit from model</P>
      <P Name="ContentPreviewEnabled">off</P>
    </InstanceData>
    <PortProperties>
      <Port Type="out" Index="1">
        <P Name="Name">Theta (rad)</P>
      </Port>
    </PortProperties>
  </Block>
  <Block BlockType="SubSystem" Name="Signal Builder" SID="213">
    <P Name="Tag">STV Subsys</P>
    <PortCounts out="1"/>
    <P Name="Position">[310, 280, 395, 320]</P>
    <P Name="ZOrder">458</P>
    <P Name="CopyFcn">sigbuilder_block(&apos;copy&apos;);</P>
    <P Name="DeleteFcn">sigbuilder_block(&apos;delete&apos;);</P>
    <P Name="LoadFcn">sigbuilder_block(&apos;load&apos;);</P>
    <P Name="ModelCloseFcn">sigbuilder_block(&apos;modelClose&apos;);</P>
    <P Name="PreSaveFcn">sigbuilder_block(&apos;preSave&apos;);</P>
    <P Name="StartFcn">sigbuilder_block(&apos;start&apos;);</P>
    <P Name="PauseFcn">sigbuilder_block(&apos;pause&apos;);</P>
    <P Name="ContinueFcn">sigbuilder_block(&apos;continue&apos;);</P>
    <P Name="StopFcn">sigbuilder_block(&apos;stop&apos;);</P>
    <P Name="NameChangeFcn">sigbuilder_block(&apos;namechange&apos;);</P>
    <P Name="ClipboardFcn">sigbuilder_block(&apos;clipboard&apos;);</P>
    <P Name="OpenFcn">sigbuilder_block(&apos;open&apos;,[262.5 120 1092.75 512.25 ]);</P>
    <P Name="CloseFcn">sigbuilder_block(&apos;close&apos;);</P>
    <P Name="MaskHideContents">on</P>
    <P Name="ContentPreviewEnabled">on</P>
    <Mask SelfModifiable="on">
      <Type>Sigbuilder block</Type>
      <Display IconOpaque="transparent" IconRotate="port">plot(0, 0, 100, 100,[2, 2, 32, 32, 2], [68, 8, 8, 68, 68],[32, 2], [38, 38], [32, 19, 2],[53, 60, 44], [32, 17, 17, 2],[16, 16, 31, 31]);txt = getActiveGroup(gcbh);text(2, 100, txt,&apos;verticalAlignment&apos;, &apos;top&apos;);</Display>
      <Description>Simulink:masks:SigbuilderBlock_MD</Description>
      <Initialization>if ~strcmp(get_param(bdroot(gcbh),&apos;SimulationStatus&apos;),&apos;stopped&apos;) tuvar = sigbuilder_block(&apos;maskInit&apos;); end</Initialization>
      <Capabilities>slmaskedcaps(gcbh)</Capabilities>
      <MaskParameter Name="tuvar" Type="edit" Visible="off">
        <Value>[0:10]</Value>
      </MaskParameter>
    </Mask>
    <System Ref="system_213"/>
  </Block>
  <Block BlockType="Step" Name="Step" SID="222">
    <P Name="Position">[340, 235, 370, 265]</P>
    <P Name="ZOrder">476</P>
    <P Name="After">10.0</P>
    <P Name="SampleTime">0</P>
  </Block>
  <Block BlockType="Terminator" Name="Terminator1" SID="171">
    <P Name="Position">[805, 420, 815, 430]</P>
    <P Name="ZOrder">127</P>
    <P Name="ShowName">off</P>
  </Block>
  <Block BlockType="Terminator" Name="Terminator2" SID="172">
    <P Name="Position">[805, 455, 815, 465]</P>
    <P Name="ZOrder">128</P>
    <P Name="ShowName">off</P>
  </Block>
  <Block BlockType="Terminator" Name="Terminator3" SID="203">
    <P Name="Position">[820, 315, 830, 325]</P>
    <P Name="ZOrder">448</P>
    <P Name="ShowName">off</P>
  </Block>
  <Block BlockType="Terminator" Name="Terminator4" SID="218">
    <P Name="Position">[1085, 430, 1095, 440]</P>
    <P Name="ZOrder">474</P>
    <P Name="ShowName">off</P>
  </Block>
  <Block BlockType="Scope" Name="Theta" SID="226">
    <PortCounts in="1"/>
    <P Name="Position">[985, 204, 1015, 236]</P>
    <P Name="ZOrder">479</P>
    <P Name="ScopeSpecificationString">Simulink.scopes.TimeScopeBlockCfg(&apos;CurrentConfiguration&apos;, extmgr.ConfigurationSet(extmgr.Configuration(&apos;Core&apos;,&apos;General UI&apos;,true,&apos;FigureColor&apos;,[1 1 1]),extmgr.Configuration(&apos;Core&apos;,&apos;Source UI&apos;,true),extmgr.Configuration(&apos;Sources&apos;,&apos;WiredSimulink&apos;,true,&apos;DataLoggingVariableName&apos;,&apos;ScopeData1&apos;,&apos;DataLoggingMaxPoints&apos;,&apos;15000&apos;,&apos;DataLoggingSaveFormat&apos;,&apos;Array&apos;,&apos;DataLoggingDecimation&apos;,&apos;1&apos;,&apos;DataLoggingDecimateData&apos;,true),extmgr.Configuration(&apos;Visuals&apos;,&apos;Time Domain&apos;,true,&apos;SerializedDisplays&apos;,{struct(&apos;MinYLimReal&apos;,&apos;-2.92236&apos;,&apos;MaxYLimReal&apos;,&apos;26.30127&apos;,&apos;YLabelReal&apos;,&apos;&apos;,&apos;MinYLimMag&apos;,&apos;0.00000&apos;,&apos;MaxYLimMag&apos;,&apos;26.30127&apos;,&apos;LegendVisibility&apos;,&apos;On&apos;,&apos;XGrid&apos;,true,&apos;YGrid&apos;,true,&apos;PlotMagPhase&apos;,false,&apos;AxesColor&apos;,[1 1 1],&apos;AxesTickColor&apos;,[0 0 0],&apos;ColorOrder&apos;,[0 0.447058823529412 0.741176470588235;0.850980392156863 0.325490196078431 0.0980392156862745;0.929411764705882 0.694117647058824 0.125490196078431;0.494117647058824 0.184313725490196 0.556862745098039;0.466666666666667 0.674509803921569 0.188235294117647;0.301960784313725 0.745098039215686 0.933333333333333;0.635294117647059 0.0784313725490196 0.184313725490196],&apos;Title&apos;,&apos;%&lt;SignalLabel&gt;&apos;,&apos;LinePropertiesCache&apos;,{{struct(&apos;Color&apos;,[0 0 1],&apos;LineStyle&apos;,&apos;-&apos;,&apos;LineWidth&apos;,2,&apos;Marker&apos;,&apos;none&apos;,&apos;Visible&apos;,&apos;on&apos;)}},&apos;UserDefinedChannelNames&apos;,{{}},&apos;NumLines&apos;,1,&apos;LineNames&apos;,{{&apos;Theta (rad)&apos;}},&apos;ShowContent&apos;,true,&apos;Placement&apos;,1)},&apos;DisplayPropertyDefaults&apos;,struct(&apos;MinYLimReal&apos;,&apos;-2.92236&apos;,&apos;MaxYLimReal&apos;,&apos;26.30127&apos;,&apos;YLabelReal&apos;,&apos;&apos;,&apos;MinYLimMag&apos;,&apos;0.00000&apos;,&apos;MaxYLimMag&apos;,&apos;26.30127&apos;,&apos;LegendVisibility&apos;,&apos;On&apos;,&apos;XGrid&apos;,true,&apos;YGrid&apos;,true,&apos;PlotMagPhase&apos;,false,&apos;AxesColor&apos;,[1 1 1],&apos;AxesTickColor&apos;,[0 0 0],&apos;ColorOrder&apos;,[1 1 0.0666666666666667;0.0745098039215686 0.623529411764706 1;1 0.411764705882353 0.16078431372549;0.392156862745098 0.831372549019608 0.0745098039215686;0.717647058823529 0.274509803921569 1;0.0588235294117647 1 1;1 0.0745098039215686 0.650980392156863],&apos;Title&apos;,&apos;%&lt;SignalLabel&gt;&apos;,&apos;LinePropertiesCache&apos;,{{}},&apos;UserDefinedChannelNames&apos;,{{}},&apos;NumLines&apos;,0,&apos;LineNames&apos;,{{[]}},&apos;ShowContent&apos;,true,&apos;Placement&apos;,1)),extmgr.Configuration(&apos;Tools&apos;,&apos;Plot Navigation&apos;,true,&apos;OnceAtStop&apos;,false,&apos;PreviousAutoscale&apos;,&apos;XY&apos;),extmgr.Configuration(&apos;Tools&apos;,&apos;Measurements&apos;,true,&apos;Version&apos;,&apos;2018b&apos;)),&apos;Version&apos;,&apos;2018b&apos;,&apos;Location&apos;,[354 250 1320 847])</P>
    <P Name="NumInputPorts">1</P>
    <P Name="Floating">off</P>
  </Block>
  <Block BlockType="ToWorkspace" Name="To Workspace" SID="207">
    <PortCounts in="1"/>
    <P Name="Position">[1005, 270, 1065, 300]</P>
    <P Name="ZOrder">452</P>
    <P Name="VariableName">theta</P>
    <P Name="MaxDataPoints">inf</P>
    <P Name="Decimation">10</P>
    <P Name="Save2DSignal">2-D array (concatenate along first dimension)</P>
    <P Name="FixptAsFi">on</P>
    <P Name="SampleTime">-1</P>
  </Block>
  <Block BlockType="ToWorkspace" Name="To Workspace1" SID="208">
    <PortCounts in="1"/>
    <P Name="Position">[1085, 180, 1145, 210]</P>
    <P Name="ZOrder">453</P>
    <P Name="VariableName">cmd_vp</P>
    <P Name="MaxDataPoints">inf</P>
    <P Name="Decimation">10</P>
    <P Name="Save2DSignal">2-D array (concatenate along first dimension)</P>
    <P Name="FixptAsFi">on</P>
    <P Name="SampleTime">-1</P>
  </Block>
  <Block BlockType="ToWorkspace" Name="To Workspace2" SID="210">
    <PortCounts in="1"/>
    <P Name="Position">[1035, 305, 1095, 335]</P>
    <P Name="ZOrder">455</P>
    <P Name="VariableName">temps</P>
    <P Name="MaxDataPoints">inf</P>
    <P Name="Decimation">10</P>
    <P Name="Save2DSignal">2-D array (concatenate along first dimension)</P>
    <P Name="FixptAsFi">on</P>
    <P Name="SampleTime">-1</P>
  </Block>
  <Block BlockType="ToWorkspace" Name="To Workspace3" SID="217">
    <PortCounts in="1"/>
    <P Name="Position">[1100, 400, 1160, 430]</P>
    <P Name="ZOrder">472</P>
    <P Name="VariableName">omega</P>
    <P Name="MaxDataPoints">inf</P>
    <P Name="Decimation">10</P>
    <P Name="Save2DSignal">2-D array (concatenate along first dimension)</P>
    <P Name="FixptAsFi">on</P>
    <P Name="SampleTime">-1</P>
  </Block>
  <Block BlockType="Constant" Name="Yaw Constant(deg)2" SID="199">
    <P Name="Position">[565, 335, 595, 365]</P>
    <P Name="ZOrder">445</P>
    <P Name="Value">0</P>
  </Block>
  <Block BlockType="Constant" Name="Yaw Enable Motor" SID="19">
    <P Name="Position">[595, 435, 625, 465]</P>
    <P Name="ZOrder">20</P>
  </Block>
  <Line>
    <P Name="ZOrder">462</P>
    <P Name="Src">20#out:1</P>
    <P Name="Dst">174#in:3</P>
  </Line>
  <Line>
    <P Name="ZOrder">461</P>
    <P Name="Src">19#out:1</P>
    <P Name="Dst">174#in:4</P>
  </Line>
  <Line>
    <P Name="ZOrder">454</P>
    <P Name="Src">174#out:3</P>
    <P Name="Dst">38#in:1</P>
  </Line>
  <Line>
    <P Name="ZOrder">456</P>
    <P Name="Src">174#out:1</P>
    <P Name="Dst">200#in:1</P>
  </Line>
  <Line>
    <P Name="ZOrder">778</P>
    <P Name="Src">174#out:4</P>
    <P Name="Points">[80, 0; 0, 35]</P>
    <P Name="Dst">216#in:1</P>
  </Line>
  <Line>
    <P Name="ZOrder">458</P>
    <P Name="Src">174#out:5</P>
    <P Name="Dst">171#in:1</P>
  </Line>
  <Line>
    <P Name="ZOrder">457</P>
    <P Name="Src">174#out:6</P>
    <P Name="Dst">172#in:1</P>
  </Line>
  <Line>
    <P Name="ZOrder">675</P>
    <P Name="Src">199#out:1</P>
    <P Name="Dst">174#in:2</P>
  </Line>
  <Line>
    <P Name="Name">Theta (rad)</P>
    <P Name="ZOrder">680</P>
    <P Name="Labels">[0, 0]</P>
    <P Name="Src">200#out:1</P>
    <P Name="Points">[60, 0]</P>
    <Branch>
      <P Name="ZOrder">813</P>
      <P Name="Points">[0, -65]</P>
      <P Name="Dst">226#in:1</P>
    </Branch>
    <Branch>
      <P Name="ZOrder">812</P>
      <P Name="Dst">207#in:1</P>
    </Branch>
  </Line>
  <Line>
    <P Name="ZOrder">723</P>
    <P Name="Src">174#out:2</P>
    <P Name="Dst">203#in:1</P>
  </Line>
  <Line>
    <P Name="ZOrder">733</P>
    <P Name="Src">209#out:1</P>
    <P Name="Dst">210#in:1</P>
  </Line>
  <Line>
    <P Name="ZOrder">779</P>
    <P Name="Src">216#out:1</P>
    <P Name="Dst">215#in:1</P>
  </Line>
  <Line>
    <P Name="Name">omega (rad/s)</P>
    <P Name="ZOrder">780</P>
    <P Name="Labels">[0, 0]</P>
    <P Name="Src">215#out:1</P>
    <P Name="Points">[30, 0]</P>
    <Branch>
      <P Name="ZOrder">800</P>
      <P Name="Points">[0, -65]</P>
      <P Name="Dst">223#in:2</P>
    </Branch>
    <Branch>
      <P Name="ZOrder">799</P>
      <P Name="Dst">217#in:1</P>
    </Branch>
  </Line>
  <Line>
    <P Name="ZOrder">781</P>
    <P Name="Src">215#out:2</P>
    <P Name="Dst">218#in:1</P>
  </Line>
  <Line>
    <P Name="ZOrder">796</P>
    <P Name="Src">221#out:1</P>
    <P Name="Points">[8, 0; 0, 15]</P>
    <P Name="Dst">99#in:1</P>
  </Line>
  <Line>
    <P Name="ZOrder">797</P>
    <P Name="Src">222#out:1</P>
    <P Name="Points">[33, 0; 0, 25]</P>
    <P Name="Dst">221#in:1</P>
  </Line>
  <Line>
    <P Name="ZOrder">798</P>
    <P Name="Src">223#out:1</P>
    <P Name="Dst">224#in:1</P>
  </Line>
  <Line>
    <P Name="Name">Vp (Volts)</P>
    <P Name="ZOrder">717</P>
    <P Name="Labels">[0, 0]</P>
    <P Name="Src">99#out:1</P>
    <P Name="Points">[54, 0]</P>
    <Branch>
      <P Name="ZOrder">802</P>
      <P Name="Points">[0, -38; 477, 0]</P>
      <Branch>
        <P Name="ZOrder">807</P>
        <P Name="Points">[0, -67]</P>
        <P Name="Dst">208#in:1</P>
      </Branch>
      <Branch>
        <P Name="ZOrder">806</P>
        <P Name="Points">[54, 0; 0, 68]</P>
        <P Name="Dst">223#in:1</P>
      </Branch>
    </Branch>
    <Branch>
      <P Name="ZOrder">801</P>
      <P Name="Dst">174#in:1</P>
    </Branch>
  </Line>
  <Line>
    <P Name="ZOrder">815</P>
    <P Name="Src">213#out:1</P>
    <P Name="Points">[20, 0; 0, -5]</P>
    <P Name="Dst">221#in:2</P>
  </Line>
</System>
