<?xml version="1.0" encoding="UTF-8" standalone="yes" ?>
<cp:coreProperties xmlns:cp="http://schemas.openxmlformats.org/package/2006/metadata/core-properties" xmlns:dc="http://purl.org/dc/elements/1.1/" xmlns:dcmitype="http://purl.org/dc/dcmitype/" xmlns:dcterms="http://purl.org/dc/terms/" xmlns:xsi="http://www.w3.org/2001/XMLSchema-instance">
  <cp:category>model</cp:category>
  <dcterms:created xsi:type="dcterms:W3CDTF">2015-12-04T15:12:49Z</dcterms:created>
  <dc:creator>MLevis</dc:creator>
  <dc:description></dc:description>
  <cp:lastModifiedBy>AERO3</cp:lastModifiedBy>
  <dcterms:modified xsi:type="dcterms:W3CDTF">2023-09-08T13:43:10Z</dcterms:modified>
  <cp:revision>9.2</cp:revision>
  <cp:version>R2022b</cp:version>
</cp:coreProperties>
