<?xml version="1.0" encoding="UTF-8"?>
<sltp_graph version="1.1" packageUris="http://schema.mathworks.com/mf0/sltp_mm/R2022b_202203181029">
  <sltp.mm.core.Context type="sltp.mm.core.Context" uuid="222cd8c7-527d-4884-99df-1f467c54e8a0">
    <editorState type="sltp.mm.core.EditorState" uuid="ca570951-d590-4ccb-93e9-8e8f79a1b315">
      <isSynchronized>true</isSynchronized>
      <panelState type="sltp.mm.core.EditorPanelState" uuid="0d818247-659b-40d3-b97f-66da47cd5413"/>
    </editorState>
    <rootTask type="sltp.mm.core.Task" uuid="2ad5c458-89a4-4796-b9b5-8770e20a78b9">
      <context type="sltp.mm.core.Context" uuid="222cd8c7-527d-4884-99df-1f467c54e8a0"/>
      <explicit>false</explicit>
      <name>Default</name>
      <priority>-2147483648</priority>
      <subgraph type="sltp.mm.core.Graph" uuid="5e646782-4d9a-4a1e-99b1-3fe71de5d375">
        <tasks type="sltp.mm.core.Task" uuid="208af9a2-1665-4a5f-af6c-3881b0b54132">
          <baseTask>true</baseTask>
          <context type="sltp.mm.core.Context" uuid="222cd8c7-527d-4884-99df-1f467c54e8a0"/>
          <explicit>false</explicit>
          <id>1</id>
          <isTimed>true</isTimed>
          <name>Cont</name>
          <priority>40</priority>
          <rates type="sltp.mm.core.Rate" uuid="01f5c01d-1db3-4dd4-85d7-caa1caecf631">
            <annotation>Cont</annotation>
            <color>255</color>
            <hasBlocks>true</hasBlocks>
            <rateSpec type="sltp.mm.core.RateSpec">
              <period>0.0</period>
            </rateSpec>
            <sti>0</sti>
          </rates>
          <rates type="sltp.mm.core.Rate" uuid="8b4bf010-528e-4c75-947d-fa42217ec1f6">
            <annotation>D1</annotation>
            <color>-436207361</color>
            <hasBlocks>true</hasBlocks>
            <rateSpec type="sltp.mm.core.RateSpec">
              <period>.002</period>
            </rateSpec>
            <sti>1</sti>
          </rates>
        </tasks>
      </subgraph>
    </rootTask>
  </sltp.mm.core.Context>
</sltp_graph>