<?xml version="1.0" encoding="utf-8"?>
<System>
  <P Name="Location">[-1, -8, 1921, 1041]</P>
  <P Name="Open">on</P>
  <P Name="ZoomFactor">117</P>
  <P Name="ReportName">simulink-default.rpt</P>
  <P Name="SIDHighWatermark">241</P>
  <Block BlockType="Saturate" Name="+/- 24V" SID="99">
    <P Name="Position">[890, 285, 920, 315]</P>
    <P Name="ZOrder">84</P>
    <P Name="UpperLimit">24</P>
    <P Name="LowerLimit">-24</P>
    <PortProperties>
      <Port Type="out" Index="1">
        <P Name="Name">Vp (Volts)</P>
      </Port>
    </PortProperties>
  </Block>
  <Block BlockType="Sum" Name="Add2" SID="229">
    <PortCounts in="2" out="1"/>
    <P Name="Position">[450, 290, 470, 310]</P>
    <P Name="ZOrder">496</P>
    <P Name="Inputs">|+-</P>
  </Block>
  <Block BlockType="Sum" Name="Add3" SID="230">
    <PortCounts in="2" out="1"/>
    <P Name="Position">[755, 290, 775, 310]</P>
    <P Name="ZOrder">500</P>
    <P Name="Inputs">|+-</P>
  </Block>
  <Block BlockType="Clock" Name="Clock" SID="209">
    <P Name="Position">[1330, 310, 1350, 330]</P>
    <P Name="ZOrder">454</P>
  </Block>
  <Block BlockType="Scope" Name="Current (A)" SID="227">
    <PortCounts in="1"/>
    <P Name="Position">[1180, 339, 1210, 371]</P>
    <P Name="ZOrder">480</P>
    <P Name="ScopeSpecificationString">Simulink.scopes.TimeScopeBlockCfg(&apos;CurrentConfiguration&apos;, extmgr.ConfigurationSet(extmgr.Configuration(&apos;Core&apos;,&apos;General UI&apos;,true,&apos;FigureColor&apos;,[1 1 1]),extmgr.Configuration(&apos;Core&apos;,&apos;Source UI&apos;,true),extmgr.Configuration(&apos;Sources&apos;,&apos;WiredSimulink&apos;,true,&apos;DataLoggingVariableName&apos;,&apos;ScopeData1&apos;,&apos;DataLoggingLimitDataPoints&apos;,true,&apos;DataLoggingSaveFormat&apos;,&apos;Array&apos;,&apos;DataLoggingDecimation&apos;,&apos;1&apos;,&apos;DataLoggingDecimateData&apos;,true),extmgr.Configuration(&apos;Visuals&apos;,&apos;Time Domain&apos;,true,&apos;SerializedDisplays&apos;,{struct(&apos;MinYLimReal&apos;,&apos;-1.93842&apos;,&apos;MaxYLimReal&apos;,&apos;0.21628&apos;,&apos;YLabelReal&apos;,&apos;&apos;,&apos;MinYLimMag&apos;,&apos;0.00000&apos;,&apos;MaxYLimMag&apos;,&apos;1.93842&apos;,&apos;LegendVisibility&apos;,&apos;On&apos;,&apos;XGrid&apos;,true,&apos;YGrid&apos;,true,&apos;PlotMagPhase&apos;,false,&apos;AxesColor&apos;,[1 1 1],&apos;AxesTickColor&apos;,[0 0 0],&apos;ColorOrder&apos;,[0 0.447058823529412 0.741176470588235;0.850980392156863 0.325490196078431 0.0980392156862745;0.929411764705882 0.694117647058824 0.125490196078431;0.494117647058824 0.184313725490196 0.556862745098039;0.466666666666667 0.674509803921569 0.188235294117647;0.301960784313725 0.745098039215686 0.933333333333333;0.635294117647059 0.0784313725490196 0.184313725490196],&apos;Title&apos;,&apos;%&lt;SignalLabel&gt;&apos;,&apos;LinePropertiesCache&apos;,{{struct(&apos;Visible&apos;,&apos;on&apos;,&apos;Color&apos;,[1 1 0.0666666666666667],&apos;LineStyle&apos;,&apos;-&apos;,&apos;LineWidth&apos;,2,&apos;Marker&apos;,&apos;none&apos;),struct(&apos;Visible&apos;,&apos;on&apos;,&apos;Color&apos;,[0.0745098039215686 0.623529411764706 1],&apos;LineStyle&apos;,&apos;-&apos;,&apos;LineWidth&apos;,2,&apos;Marker&apos;,&apos;none&apos;)}},&apos;UserDefinedChannelNames&apos;,{{}},&apos;NumLines&apos;,2,&apos;LineNames&apos;,{{&apos;Quanser Aero USB Interface/3:1&apos;,&apos;Quanser Aero USB Interface/3:2&apos;}},&apos;ShowContent&apos;,true,&apos;Placement&apos;,1)},&apos;DisplayPropertyDefaults&apos;,struct(&apos;MinYLimReal&apos;,&apos;-1.93842&apos;,&apos;MaxYLimReal&apos;,&apos;0.21628&apos;,&apos;YLabelReal&apos;,&apos;&apos;,&apos;MinYLimMag&apos;,&apos;0.00000&apos;,&apos;MaxYLimMag&apos;,&apos;1.93842&apos;,&apos;LegendVisibility&apos;,&apos;On&apos;,&apos;XGrid&apos;,true,&apos;YGrid&apos;,true,&apos;PlotMagPhase&apos;,false,&apos;AxesColor&apos;,[1 1 1],&apos;AxesTickColor&apos;,[0 0 0],&apos;ColorOrder&apos;,[1 1 0.0666666666666667;0.0745098039215686 0.623529411764706 1;1 0.411764705882353 0.16078431372549;0.392156862745098 0.831372549019608 0.0745098039215686;0.717647058823529 0.274509803921569 1;0.0588235294117647 1 1;1 0.0745098039215686 0.650980392156863],&apos;Title&apos;,&apos;%&lt;SignalLabel&gt;&apos;,&apos;LinePropertiesCache&apos;,{{}},&apos;UserDefinedChannelNames&apos;,{{}},&apos;NumLines&apos;,0,&apos;LineNames&apos;,{{[]}},&apos;ShowContent&apos;,true,&apos;Placement&apos;,1),&apos;TimeRangeSamples&apos;,&apos;5&apos;,&apos;TimeRangeFrames&apos;,&apos;5&apos;),extmgr.Configuration(&apos;Tools&apos;,&apos;Plot Navigation&apos;,true,&apos;PreviousAutoscale&apos;,&apos;XY&apos;),extmgr.Configuration(&apos;Tools&apos;,&apos;Measurements&apos;,true,&apos;Version&apos;,&apos;2018b&apos;)),&apos;Version&apos;,&apos;2018b&apos;,&apos;Location&apos;,[366 228 1140 758])</P>
    <P Name="NumInputPorts">1</P>
    <P Name="Floating">off</P>
  </Block>
  <Block BlockType="Demux" Name="Demux" SID="215">
    <PortCounts in="1" out="2"/>
    <P Name="Position">[1360, 371, 1365, 409]</P>
    <P Name="ZOrder">471</P>
    <P Name="ShowName">off</P>
    <P Name="Outputs">2</P>
    <PortProperties>
      <Port Type="out" Index="1">
        <P Name="Name">omega (rad)</P>
      </Port>
    </PortProperties>
  </Block>
  <Block BlockType="Gain" Name="Gain1" SID="231">
    <P Name="Position">[780, 355, 845, 415]</P>
    <P Name="ZOrder">495</P>
    <P Name="BlockMirror">on</P>
    <P Name="Gain">Kw</P>
  </Block>
  <Block BlockType="Gain" Name="Gain2" SID="216">
    <P Name="Position">[1240, 367, 1335, 413]</P>
    <P Name="ZOrder">473</P>
    <P Name="Gain">2*pi/2048</P>
  </Block>
  <Block BlockType="Gain" Name="Gain3" SID="232">
    <P Name="Position">[515, 277, 585, 323]</P>
    <P Name="ZOrder">497</P>
    <P Name="Gain">Kz</P>
  </Block>
  <Block BlockType="DiscreteTransferFcn" Name="Integrateur" SID="233">
    <PortCounts in="1" out="1"/>
    <P Name="Position">[600, 269, 695, 331]</P>
    <P Name="ZOrder">498</P>
    <P Name="HideAutomaticName">off</P>
    <P Name="InputPortMap">u0</P>
    <P Name="Numerator">[Te1 0]</P>
    <P Name="Denominator">[1 -1]</P>
    <P Name="SampleTime">Te1</P>
  </Block>
  <Block BlockType="ManualSwitch" Name="Manual Switch" SID="239">
    <P Name="Position">[370, 282, 400, 318]</P>
    <P Name="ZOrder">504</P>
    <P Name="CurrentSetting">0</P>
  </Block>
  <Block BlockType="Mux" Name="Mux1" SID="223">
    <PortCounts in="3" out="1"/>
    <P Name="Position">[1500, 183, 1505, 227]</P>
    <P Name="ZOrder">477</P>
    <P Name="ShowName">off</P>
    <P Name="Inputs">3</P>
    <P Name="DisplayOption">bar</P>
  </Block>
  <Block BlockType="Scope" Name="Omega moteur&#xA; et Angle Theta" SID="224">
    <PortCounts in="1"/>
    <P Name="Position">[1550, 189, 1580, 221]</P>
    <P Name="ZOrder">478</P>
    <P Name="ScopeSpecificationString">Simulink.scopes.TimeScopeBlockCfg(&apos;CurrentConfiguration&apos;, extmgr.ConfigurationSet(extmgr.Configuration(&apos;Core&apos;,&apos;General UI&apos;,true,&apos;FigureColor&apos;,[1 1 1]),extmgr.Configuration(&apos;Core&apos;,&apos;Source UI&apos;,true),extmgr.Configuration(&apos;Sources&apos;,&apos;WiredSimulink&apos;,true,&apos;DataLoggingVariableName&apos;,&apos;ScopeData1&apos;,&apos;DataLoggingMaxPoints&apos;,&apos;15000&apos;,&apos;DataLoggingSaveFormat&apos;,&apos;Array&apos;,&apos;DataLoggingDecimation&apos;,&apos;1&apos;,&apos;DataLoggingDecimateData&apos;,true),extmgr.Configuration(&apos;Visuals&apos;,&apos;Time Domain&apos;,true,&apos;SerializedDisplays&apos;,{struct(&apos;MinYLimReal&apos;,&apos;-19.55114&apos;,&apos;MaxYLimReal&apos;,&apos;175.37508&apos;,&apos;YLabelReal&apos;,&apos;&apos;,&apos;MinYLimMag&apos;,&apos;0.00000&apos;,&apos;MaxYLimMag&apos;,&apos;175.37508&apos;,&apos;LegendVisibility&apos;,&apos;On&apos;,&apos;XGrid&apos;,true,&apos;YGrid&apos;,true,&apos;PlotMagPhase&apos;,false,&apos;AxesColor&apos;,[1 1 1],&apos;AxesTickColor&apos;,[0 0 0],&apos;ColorOrder&apos;,[0 0.447058823529412 0.741176470588235;0.850980392156863 0.325490196078431 0.0980392156862745;0.929411764705882 0.694117647058824 0.125490196078431;0.494117647058824 0.184313725490196 0.556862745098039;0.466666666666667 0.674509803921569 0.188235294117647;0.301960784313725 0.745098039215686 0.933333333333333;0.635294117647059 0.0784313725490196 0.184313725490196],&apos;Title&apos;,&apos;%&lt;SignalLabel&gt;&apos;,&apos;LinePropertiesCache&apos;,{{struct(&apos;Visible&apos;,&apos;on&apos;,&apos;Color&apos;,[1 0 0],&apos;LineStyle&apos;,&apos;-&apos;,&apos;LineWidth&apos;,2,&apos;Marker&apos;,&apos;none&apos;),struct(&apos;Visible&apos;,&apos;on&apos;,&apos;Color&apos;,[0 0 1],&apos;LineStyle&apos;,&apos;-&apos;,&apos;LineWidth&apos;,2,&apos;Marker&apos;,&apos;none&apos;),struct(&apos;Visible&apos;,&apos;on&apos;,&apos;Color&apos;,[1 0 1],&apos;LineStyle&apos;,&apos;-&apos;,&apos;LineWidth&apos;,2,&apos;Marker&apos;,&apos;none&apos;),struct(&apos;Color&apos;,[0.392156862745098 0.831372549019608 0.0745098039215686],&apos;LineStyle&apos;,&apos;-&apos;,&apos;LineWidth&apos;,0.75,&apos;Marker&apos;,&apos;none&apos;,&apos;Visible&apos;,&apos;on&apos;),struct(&apos;Color&apos;,[0.717647058823529 0.274509803921569 1],&apos;LineStyle&apos;,&apos;-&apos;,&apos;LineWidth&apos;,0.75,&apos;Marker&apos;,&apos;none&apos;,&apos;Visible&apos;,&apos;on&apos;),struct(&apos;Color&apos;,[0.0588235294117647 1 1],&apos;LineStyle&apos;,&apos;-&apos;,&apos;LineWidth&apos;,0.75,&apos;Marker&apos;,&apos;none&apos;,&apos;Visible&apos;,&apos;on&apos;),struct(&apos;Color&apos;,[1 0.0745098039215686 0.650980392156863],&apos;LineStyle&apos;,&apos;-&apos;,&apos;LineWidth&apos;,0.75,&apos;Marker&apos;,&apos;none&apos;,&apos;Visible&apos;,&apos;on&apos;)}},&apos;UserDefinedChannelNames&apos;,{{&apos;&apos;,&apos;&apos;,&apos;Theta (deg)&apos;}},&apos;NumLines&apos;,3,&apos;LineNames&apos;,{{&apos;Vp (Volts)&apos;,&apos;omega (rad)&apos;,&apos;Theta (deg)&apos;}},&apos;ShowContent&apos;,true,&apos;Placement&apos;,1)},&apos;DisplayPropertyDefaults&apos;,struct(&apos;MinYLimReal&apos;,&apos;-19.55114&apos;,&apos;MaxYLimReal&apos;,&apos;175.37508&apos;,&apos;YLabelReal&apos;,&apos;&apos;,&apos;MinYLimMag&apos;,&apos;0.00000&apos;,&apos;MaxYLimMag&apos;,&apos;175.37508&apos;,&apos;LegendVisibility&apos;,&apos;On&apos;,&apos;XGrid&apos;,true,&apos;YGrid&apos;,true,&apos;PlotMagPhase&apos;,false,&apos;AxesColor&apos;,[1 1 1],&apos;AxesTickColor&apos;,[0 0 0],&apos;ColorOrder&apos;,[1 1 0.0666666666666667;0.0745098039215686 0.623529411764706 1;1 0.411764705882353 0.16078431372549;0.392156862745098 0.831372549019608 0.0745098039215686;0.717647058823529 0.274509803921569 1;0.0588235294117647 1 1;1 0.0745098039215686 0.650980392156863],&apos;Title&apos;,&apos;%&lt;SignalLabel&gt;&apos;,&apos;LinePropertiesCache&apos;,{{}},&apos;UserDefinedChannelNames&apos;,{{}},&apos;NumLines&apos;,0,&apos;LineNames&apos;,{{[]}},&apos;ShowContent&apos;,true,&apos;Placement&apos;,1)),extmgr.Configuration(&apos;Tools&apos;,&apos;Plot Navigation&apos;,true,&apos;OnceAtStop&apos;,false,&apos;PreviousAutoscale&apos;,&apos;XY&apos;),extmgr.Configuration(&apos;Tools&apos;,&apos;Measurements&apos;,true,&apos;Version&apos;,&apos;2022b&apos;)),&apos;Version&apos;,&apos;2022b&apos;,&apos;Location&apos;,[1 76 1909 998],&apos;VisibleAtModelOpen&apos;,&apos;on&apos;)</P>
    <P Name="NumInputPorts">1</P>
    <P Name="Floating">off</P>
  </Block>
  <Block BlockType="Constant" Name="Pitch Motor Enable" SID="20">
    <P Name="Position">[960, 370, 990, 400]</P>
    <P Name="ZOrder">21</P>
  </Block>
  <Block BlockType="Reference" Name="Quanser Aero USB Interface" SID="174">
    <PortCounts in="4" out="6"/>
    <P Name="Position">[1025, 269, 1155, 476]</P>
    <P Name="ZOrder">130</P>
    <P Name="LibraryVersion">1.7</P>
    <P Name="SourceBlock">quanser_aero/Quanser Aero USB Interface</P>
    <P Name="SourceType">SubSystem</P>
    <InstanceData>
      <P Name="ShowPortLabels">FromPortIcon</P>
      <P Name="SystemSampleTime">-1</P>
      <P Name="RTWMemSecFuncInitTerm">Inherit from model</P>
      <P Name="RTWMemSecFuncExecute">Inherit from model</P>
      <P Name="RTWMemSecDataConstants">Inherit from model</P>
      <P Name="RTWMemSecDataInternal">Inherit from model</P>
      <P Name="RTWMemSecDataParameters">Inherit from model</P>
      <P Name="VariantActivationTime">update diagram</P>
      <P Name="AllowZeroVariantControls">off</P>
      <P Name="PropagateVariantConditions">off</P>
      <P Name="ContentPreviewEnabled">off</P>
      <P Name="Latency">0</P>
      <P Name="AutoFrameSizeCalculation">off</P>
    </InstanceData>
    <PortProperties>
      <Port Type="out" Index="1">
        <P Name="Name">Tehat (rad)</P>
      </Port>
    </PortProperties>
  </Block>
  <Block BlockType="Reference" Name="Radians&#xA;to Degrees2" SID="200">
    <PortCounts in="1" out="1"/>
    <P Name="Position">[1260, 270, 1290, 300]</P>
    <P Name="ZOrder">446</P>
    <P Name="LibraryVersion">10.0</P>
    <P Name="SourceBlock">simulink_extras/Transformations/Radians
to Degrees</P>
    <P Name="SourceType">RadiansToDegrees</P>
    <InstanceData>
      <P Name="RTWMemSecFuncInitTerm">Inherit from model</P>
      <P Name="RTWMemSecFuncExecute">Inherit from model</P>
      <P Name="RTWMemSecDataConstants">Inherit from model</P>
      <P Name="RTWMemSecDataInternal">Inherit from model</P>
      <P Name="RTWMemSecDataParameters">Inherit from model</P>
      <P Name="ContentPreviewEnabled">off</P>
    </InstanceData>
    <PortProperties>
      <Port Type="out" Index="1">
        <P Name="Name">Theta (deg)</P>
      </Port>
    </PortProperties>
  </Block>
  <Block BlockType="SubSystem" Name="Signal Builder2" SID="237">
    <P Name="Tag">STV Subsys</P>
    <PortCounts out="1"/>
    <P Name="Position">[200, 280, 285, 320]</P>
    <P Name="ZOrder">502</P>
    <P Name="CopyFcn">sigbuilder_block(&apos;copy&apos;);</P>
    <P Name="DeleteFcn">sigbuilder_block(&apos;delete&apos;);</P>
    <P Name="LoadFcn">sigbuilder_block(&apos;load&apos;);</P>
    <P Name="ModelCloseFcn">sigbuilder_block(&apos;modelClose&apos;);</P>
    <P Name="PreSaveFcn">sigbuilder_block(&apos;preSave&apos;);</P>
    <P Name="StartFcn">sigbuilder_block(&apos;start&apos;);</P>
    <P Name="PauseFcn">sigbuilder_block(&apos;pause&apos;);</P>
    <P Name="ContinueFcn">sigbuilder_block(&apos;continue&apos;);</P>
    <P Name="StopFcn">sigbuilder_block(&apos;stop&apos;);</P>
    <P Name="NameChangeFcn">sigbuilder_block(&apos;namechange&apos;);</P>
    <P Name="ClipboardFcn">sigbuilder_block(&apos;clipboard&apos;);</P>
    <P Name="OpenFcn">sigbuilder_block(&apos;open&apos;,[262.5 120 1092.75 512.25 ]);</P>
    <P Name="CloseFcn">sigbuilder_block(&apos;close&apos;);</P>
    <P Name="MaskHideContents">on</P>
    <P Name="ContentPreviewEnabled">on</P>
    <Mask SelfModifiable="on">
      <Type>Sigbuilder block</Type>
      <Display IconOpaque="transparent" IconRotate="port">plot(0, 0, 100, 100,[2, 2, 32, 32, 2], [68, 8, 8, 68, 68],[32, 2], [38, 38], [32, 19, 2],[53, 60, 44], [32, 17, 17, 2],[16, 16, 31, 31]);txt = getActiveGroup(gcbh);text(2, 100, txt,&apos;verticalAlignment&apos;, &apos;top&apos;);</Display>
      <Description>Simulink:masks:SigbuilderBlock_MD</Description>
      <Initialization>if ~strcmp(get_param(bdroot(gcbh),&apos;SimulationStatus&apos;),&apos;stopped&apos;) tuvar = sigbuilder_block(&apos;maskInit&apos;); end</Initialization>
      <Capabilities>slmaskedcaps(gcbh)</Capabilities>
      <MaskParameter Name="tuvar" Type="edit" Visible="off">
        <Value>[0:10]</Value>
      </MaskParameter>
    </Mask>
    <System Ref="system_237"/>
  </Block>
  <Block BlockType="Step" Name="Step" SID="238">
    <P Name="Position">[255, 370, 285, 400]</P>
    <P Name="ZOrder">503</P>
    <P Name="After">0</P>
    <P Name="SampleTime">0</P>
  </Block>
  <Block BlockType="Terminator" Name="Terminator1" SID="171">
    <P Name="Position">[1175, 420, 1185, 430]</P>
    <P Name="ZOrder">127</P>
    <P Name="ShowName">off</P>
  </Block>
  <Block BlockType="Terminator" Name="Terminator2" SID="172">
    <P Name="Position">[1175, 455, 1185, 465]</P>
    <P Name="ZOrder">128</P>
    <P Name="ShowName">off</P>
  </Block>
  <Block BlockType="Terminator" Name="Terminator3" SID="203">
    <P Name="Position">[1190, 315, 1200, 325]</P>
    <P Name="ZOrder">448</P>
    <P Name="ShowName">off</P>
  </Block>
  <Block BlockType="Terminator" Name="Terminator4" SID="218">
    <P Name="Position">[1405, 410, 1415, 420]</P>
    <P Name="ZOrder">474</P>
    <P Name="ShowName">off</P>
  </Block>
  <Block BlockType="ToWorkspace" Name="To Workspace" SID="207">
    <PortCounts in="1"/>
    <P Name="Position">[1360, 270, 1420, 300]</P>
    <P Name="ZOrder">452</P>
    <P Name="VariableName">theta</P>
    <P Name="MaxDataPoints">inf</P>
    <P Name="Decimation">10</P>
    <P Name="Save2DSignal">2-D array (concatenate along first dimension)</P>
    <P Name="FixptAsFi">on</P>
    <P Name="SampleTime">-1</P>
  </Block>
  <Block BlockType="ToWorkspace" Name="To Workspace1" SID="208">
    <PortCounts in="1"/>
    <P Name="Position">[1350, 140, 1410, 170]</P>
    <P Name="ZOrder">453</P>
    <P Name="VariableName">cmd_vp</P>
    <P Name="MaxDataPoints">inf</P>
    <P Name="Decimation">10</P>
    <P Name="Save2DSignal">2-D array (concatenate along first dimension)</P>
    <P Name="FixptAsFi">on</P>
    <P Name="SampleTime">-1</P>
  </Block>
  <Block BlockType="ToWorkspace" Name="To Workspace2" SID="210">
    <PortCounts in="1"/>
    <P Name="Position">[1405, 305, 1465, 335]</P>
    <P Name="ZOrder">455</P>
    <P Name="VariableName">temps</P>
    <P Name="MaxDataPoints">inf</P>
    <P Name="Decimation">10</P>
    <P Name="Save2DSignal">2-D array (concatenate along first dimension)</P>
    <P Name="FixptAsFi">on</P>
    <P Name="SampleTime">-1</P>
  </Block>
  <Block BlockType="ToWorkspace" Name="To Workspace3" SID="217">
    <PortCounts in="1"/>
    <P Name="Position">[1470, 400, 1530, 430]</P>
    <P Name="ZOrder">472</P>
    <P Name="VariableName">omega</P>
    <P Name="MaxDataPoints">inf</P>
    <P Name="Decimation">10</P>
    <P Name="Save2DSignal">2-D array (concatenate along first dimension)</P>
    <P Name="FixptAsFi">on</P>
    <P Name="SampleTime">-1</P>
  </Block>
  <Block BlockType="ToWorkspace" Name="To Workspace4" SID="236">
    <PortCounts in="1"/>
    <P Name="Position">[1125, 140, 1190, 170]</P>
    <P Name="ZOrder">501</P>
    <P Name="VariableName">omega_ref</P>
    <P Name="MaxDataPoints">inf</P>
    <P Name="Decimation">10</P>
    <P Name="Save2DSignal">2-D array (concatenate along first dimension)</P>
    <P Name="FixptAsFi">on</P>
    <P Name="SampleTime">-1</P>
  </Block>
  <Block BlockType="Constant" Name="Yaw Constant(deg)2" SID="199">
    <P Name="Position">[950, 335, 980, 365]</P>
    <P Name="ZOrder">445</P>
    <P Name="Value">0</P>
  </Block>
  <Block BlockType="Constant" Name="Yaw Enable Motor" SID="19">
    <P Name="Position">[960, 420, 990, 450]</P>
    <P Name="ZOrder">20</P>
  </Block>
  <Line>
    <P Name="ZOrder">462</P>
    <P Name="Src">20#out:1</P>
    <P Name="Points">[0, 15]</P>
    <P Name="Dst">174#in:3</P>
  </Line>
  <Line>
    <P Name="ZOrder">461</P>
    <P Name="Src">19#out:1</P>
    <P Name="Points">[13, 0; 0, 15]</P>
    <P Name="Dst">174#in:4</P>
  </Line>
  <Line>
    <P Name="ZOrder">832</P>
    <P Name="Src">174#out:3</P>
    <P Name="Dst">227#in:1</P>
  </Line>
  <Line>
    <P Name="Name">Tehat (rad)</P>
    <P Name="ZOrder">456</P>
    <P Name="Labels">[0, 0]</P>
    <P Name="Src">174#out:1</P>
    <P Name="Dst">200#in:1</P>
  </Line>
  <Line>
    <P Name="ZOrder">778</P>
    <P Name="Src">174#out:4</P>
    <P Name="Dst">216#in:1</P>
  </Line>
  <Line>
    <P Name="ZOrder">458</P>
    <P Name="Src">174#out:5</P>
    <P Name="Dst">171#in:1</P>
  </Line>
  <Line>
    <P Name="ZOrder">457</P>
    <P Name="Src">174#out:6</P>
    <P Name="Dst">172#in:1</P>
  </Line>
  <Line>
    <P Name="ZOrder">675</P>
    <P Name="Src">199#out:1</P>
    <P Name="Dst">174#in:2</P>
  </Line>
  <Line>
    <P Name="Name">Theta (deg)</P>
    <P Name="ZOrder">680</P>
    <P Name="Labels">[0, 0]</P>
    <P Name="Src">200#out:1</P>
    <P Name="Points">[38, 0]</P>
    <Branch>
      <P Name="ZOrder">810</P>
      <P Name="Labels">[2, 1]</P>
      <P Name="Points">[0, -65]</P>
      <P Name="Dst">223#in:3</P>
    </Branch>
    <Branch>
      <P Name="ZOrder">809</P>
      <P Name="Dst">207#in:1</P>
    </Branch>
  </Line>
  <Line>
    <P Name="ZOrder">723</P>
    <P Name="Src">174#out:2</P>
    <P Name="Dst">203#in:1</P>
  </Line>
  <Line>
    <P Name="ZOrder">733</P>
    <P Name="Src">209#out:1</P>
    <P Name="Dst">210#in:1</P>
  </Line>
  <Line>
    <P Name="ZOrder">779</P>
    <P Name="Src">216#out:1</P>
    <P Name="Dst">215#in:1</P>
  </Line>
  <Line>
    <P Name="ZOrder">781</P>
    <P Name="Src">215#out:2</P>
    <P Name="Points">[15, 0; 0, 15]</P>
    <P Name="Dst">218#in:1</P>
  </Line>
  <Line>
    <P Name="ZOrder">798</P>
    <P Name="Src">223#out:1</P>
    <P Name="Dst">224#in:1</P>
  </Line>
  <Line>
    <P Name="Name">Vp (Volts)</P>
    <P Name="ZOrder">717</P>
    <P Name="Labels">[0, 0]</P>
    <P Name="Src">99#out:1</P>
    <P Name="Points">[44, 0]</P>
    <Branch>
      <P Name="ZOrder">802</P>
      <P Name="Points">[0, -38; 356, 0; 0, -72]</P>
      <Branch>
        <P Name="ZOrder">824</P>
        <P Name="Dst">223#in:1</P>
      </Branch>
      <Branch>
        <P Name="ZOrder">823</P>
        <P Name="Points">[0, -35]</P>
        <P Name="Dst">208#in:1</P>
      </Branch>
    </Branch>
    <Branch>
      <P Name="ZOrder">801</P>
      <P Name="Dst">174#in:1</P>
    </Branch>
  </Line>
  <Line>
    <P Name="ZOrder">855</P>
    <P Name="Src">231#out:1</P>
    <P Name="Points">[-10, 0]</P>
    <P Name="Dst">230#in:2</P>
  </Line>
  <Line>
    <P Name="Name">omega (rad)</P>
    <P Name="ZOrder">780</P>
    <P Name="Labels">[0, 0]</P>
    <P Name="Src">215#out:1</P>
    <P Name="Points">[49, 0]</P>
    <Branch>
      <P Name="ZOrder">869</P>
      <P Name="Points">[12, 0; 0, 35]</P>
      <Branch>
        <P Name="ZOrder">894</P>
        <P Name="Points">[0, 75; -559, 0]</P>
        <Branch>
          <P Name="ZOrder">865</P>
          <P Name="Points">[-412, 0]</P>
          <P Name="Dst">229#in:2</P>
        </Branch>
        <Branch>
          <P Name="ZOrder">864</P>
          <P Name="Labels">[1, 1]</P>
          <P Name="Points">[0, -105]</P>
          <P Name="Dst">231#in:1</P>
        </Branch>
      </Branch>
      <Branch>
        <P Name="ZOrder">821</P>
        <P Name="Dst">217#in:1</P>
      </Branch>
    </Branch>
    <Branch>
      <P Name="ZOrder">822</P>
      <P Name="Points">[0, -12; 64, 0; 0, -163]</P>
      <P Name="Dst">223#in:2</P>
    </Branch>
  </Line>
  <Line>
    <P Name="ZOrder">881</P>
    <P Name="Src">233#out:1</P>
    <P Name="Dst">230#in:1</P>
  </Line>
  <Line>
    <P Name="ZOrder">859</P>
    <P Name="Src">229#out:1</P>
    <P Name="Dst">232#in:1</P>
  </Line>
  <Line>
    <P Name="ZOrder">861</P>
    <P Name="Src">232#out:1</P>
    <P Name="Dst">233#in:1</P>
  </Line>
  <Line>
    <P Name="ZOrder">888</P>
    <P Name="Src">239#out:1</P>
    <P Name="Points">[26, 0]</P>
    <Branch>
      <P Name="ZOrder">883</P>
      <P Name="Points">[0, -145]</P>
      <P Name="Dst">236#in:1</P>
    </Branch>
    <Branch>
      <P Name="ZOrder">882</P>
      <P Name="Dst">229#in:1</P>
    </Branch>
  </Line>
  <Line>
    <P Name="ZOrder">890</P>
    <P Name="Src">237#out:1</P>
    <P Name="Points">[33, 0; 0, -10]</P>
    <P Name="Dst">239#in:1</P>
  </Line>
  <Line>
    <P Name="ZOrder">891</P>
    <P Name="Src">238#out:1</P>
    <P Name="Points">[38, 0; 0, -75]</P>
    <P Name="Dst">239#in:2</P>
  </Line>
  <Line>
    <P Name="ZOrder">908</P>
    <P Name="Src">230#out:1</P>
    <P Name="Dst">99#in:1</P>
  </Line>
  <Annotation SID="234">
    <P Name="Position">[494, 215, 862, 440]</P>
    <P Name="InternalMargins">[0, 0, 0, 0]</P>
    <P Name="FixedWidth">on</P>
    <P Name="HorizontalAlignment">left</P>
    <P Name="VerticalAlignment">top</P>
    <P Name="ForegroundColor">[0.901961, 0.901961, 1.000000]</P>
    <P Name="BackgroundColor">[0.901961, 0.901961, 1.000000]</P>
    <P Name="DropShadow">on</P>
    <P Name="AnnotationType">area_annotation</P>
    <P Name="ZOrder">27</P>
    <P Name="FontSize">12</P>
  </Annotation>
  <Annotation SID="235">
    <P Name="Name">Correcteur par retour d&apos;état avec action intégrale</P>
    <P Name="Position">[519, 226, 735, 241]</P>
    <P Name="InternalMargins">[0, 0, 0, 0]</P>
    <P Name="HorizontalAlignment">left</P>
    <P Name="VerticalAlignment">top</P>
    <P Name="ZOrder">-2</P>
  </Annotation>
</System>
