<?xml version="1.0" encoding="UTF-8"?>
<sltp_editor version="1.1" packageUris="http://schema.mathworks.com/mf0/DiagramEditor/R2019a_20181107 http://schema.mathworks.com/mf0/SltpSyntax/R2022b_202203181006">
  <diagram.editor.model.Diagram type="diagram.editor.model.Diagram" uuid="adc0b781-9816-406e-889a-3a6933e127a8">
    <entities type="diagram.editor.model.Entity" uuid="3fb35939-9f97-4e9a-8aed-fedf7dc2b677">
      <position>0,0</position>
      <size>0,0,100,100</size>
      <syntaxElement type="sltp.mm.syntax.Node" uuid="64d495a1-8d36-49d9-9bb8-ead386978ee3"/>
      <title>Cont</title>
      <type>base</type>
      <subDiagram type="diagram.editor.model.Diagram" uuid="750a68ca-4639-4425-ab9d-1d87267a9ece">
        <position>0,0</position>
        <size>0,0,0,0</size>
        <syntaxElement type="sltp.mm.syntax.Graph" uuid="72423c61-607b-4bd1-ac1b-0e0328027fa7"/>
        <title>Cont</title>
        <type>graph.Graph</type>
      </subDiagram>
    </entities>
    <position>0,0</position>
    <size>0,0,0,0</size>
    <syntaxElement type="sltp.mm.syntax.Graph" uuid="92251612-f03d-41d9-92eb-2298eafd2726"/>
    <title>Default</title>
    <type>graph.Graph</type>
  </diagram.editor.model.Diagram>
  <sltp.mm.syntax.Context type="sltp.mm.syntax.Context" uuid="200545ef-73ba-4c17-a0a6-dee9bde868e9">
    <rootGraph type="sltp.mm.syntax.Graph" uuid="92251612-f03d-41d9-92eb-2298eafd2726">
      <children type="sltp.mm.syntax.Node" uuid="64d495a1-8d36-49d9-9bb8-ead386978ee3">
        <priority>40</priority>
        <rates type="sltp.mm.syntax.RateData">
          <color>#000000</color>
          <hasBlocks>true</hasBlocks>
          <rate>0</rate>
          <title>Cont</title>
        </rates>
        <rates type="sltp.mm.syntax.RateData">
          <color>#e60000</color>
          <hasBlocks>true</hasBlocks>
          <rate>0.002</rate>
          <title>D1</title>
        </rates>
        <title>Cont</title>
        <type>base</type>
        <diagramElement type="diagram.editor.model.Entity" uuid="3fb35939-9f97-4e9a-8aed-fedf7dc2b677"/>
        <subgraph type="sltp.mm.syntax.Graph" uuid="72423c61-607b-4bd1-ac1b-0e0328027fa7">
          <priorityDirection>HighNumberFirst</priorityDirection>
          <title>Cont</title>
          <diagramElement type="diagram.editor.model.Diagram" uuid="750a68ca-4639-4425-ab9d-1d87267a9ece"/>
        </subgraph>
      </children>
      <priorityDirection>HighNumberFirst</priorityDirection>
      <title>Default</title>
      <diagramElement type="diagram.editor.model.Diagram" uuid="adc0b781-9816-406e-889a-3a6933e127a8"/>
    </rootGraph>
  </sltp.mm.syntax.Context>
</sltp_editor>