<?xml version="1.0" encoding="UTF-8"?>
<sltp_graph version="1.1" packageUris="http://schema.mathworks.com/mf0/sltp_mm/R2022b_202203181029">
  <sltp.mm.core.Context type="sltp.mm.core.Context" uuid="37417fd6-5856-4e34-ba8d-b2e120d5801d">
    <unusedTaskIds>2</unusedTaskIds>
    <editorState type="sltp.mm.core.EditorState" uuid="3cbe1ceb-e5c8-49b1-8b6d-47c71e430b6c">
      <isSynchronized>true</isSynchronized>
      <panelState type="sltp.mm.core.EditorPanelState" uuid="91bcaac1-1ded-49fa-a660-bf8f5fd76361"/>
    </editorState>
    <rootTask type="sltp.mm.core.Task" uuid="7f540b2a-9ba6-451e-98e0-d68d4d63f169">
      <context type="sltp.mm.core.Context" uuid="37417fd6-5856-4e34-ba8d-b2e120d5801d"/>
      <explicit>false</explicit>
      <name>Default</name>
      <priority>-2147483648</priority>
      <subgraph type="sltp.mm.core.Graph" uuid="98f7b464-7cad-4772-8bd5-39b0246dcae3">
        <tasks type="sltp.mm.core.Task" uuid="a5a7ff59-0f03-4df4-b07a-93d9b738d610">
          <baseTask>true</baseTask>
          <context type="sltp.mm.core.Context" uuid="37417fd6-5856-4e34-ba8d-b2e120d5801d"/>
          <explicit>false</explicit>
          <id>1</id>
          <isTimed>true</isTimed>
          <name>Cont</name>
          <priority>40</priority>
          <rates type="sltp.mm.core.Rate" uuid="8a8d1f9f-1e92-44ee-8887-bce595329c53">
            <annotation>Cont</annotation>
            <color>255</color>
            <hasBlocks>true</hasBlocks>
            <rateSpec type="sltp.mm.core.RateSpec">
              <period>0.0</period>
            </rateSpec>
            <sti>0</sti>
          </rates>
          <rates type="sltp.mm.core.Rate" uuid="f98a4fb7-b2fb-4ec6-9a71-945efd107dcb">
            <annotation>D1</annotation>
            <color>-436207361</color>
            <hasBlocks>true</hasBlocks>
            <rateSpec type="sltp.mm.core.RateSpec">
              <period>.002</period>
            </rateSpec>
            <sti>1</sti>
          </rates>
        </tasks>
      </subgraph>
    </rootTask>
  </sltp.mm.core.Context>
</sltp_graph>